{"cameraMode":{"drawMode":0,"name":"Shaded","section":"Shading Mode"},"sceneLighting":true,"audioPlay":false,"sceneViewState":{"m_AlwaysRefresh":true,"showFog":false,"showSkybox":true,"showFlares":true,"showImageEffects":true,"showParticleSystems":true,"showVisualEffectGraphs":true,"m_FxEnabled":true},"in2DMode":false,"pivot":{"x":1.1600005626678467,"y":1.1449999809265137,"z":-0.6702257990837097},"rotation":{"x":-0.13827568292617799,"y":0.7111382484436035,"z":-0.1460549682378769,"w":-0.6737066507339478},"size":4.8936309814453129,"orthographic":false}