{"cameraMode":{"drawMode":0,"name":"Shaded","section":"Shading Mode"},"sceneLighting":true,"audioPlay":false,"sceneViewState":{"m_AlwaysRefresh":true,"showFog":true,"showSkybox":false,"showFlares":true,"showImageEffects":true,"showParticleSystems":true,"showVisualEffectGraphs":true,"m_FxEnabled":true},"in2DMode":false,"pivot":{"x":4.144551753997803,"y":2.094072103500366,"z":-5.471622467041016},"rotation":{"x":0.011689000762999058,"y":0.004253676161170006,"z":0.0004863155190832913,"w":-1.000081181526184},"size":2.5212674140930177,"orthographic":false}