{"cameraMode":{"drawMode":0,"name":"Shaded","section":"Shading Mode"},"sceneLighting":true,"audioPlay":false,"sceneViewState":{"m_AlwaysRefresh":true,"showFog":true,"showSkybox":false,"showFlares":true,"showImageEffects":true,"showParticleSystems":true,"showVisualEffectGraphs":true,"m_FxEnabled":true},"in2DMode":false,"pivot":{"x":4.144551753997803,"y":2.094072103500366,"z":-5.471622467041016},"rotation":{"x":-0.030314180999994279,"y":0.0132680619135499,"z":0.000050555576308397576,"w":-0.9996128678321838},"size":2.877185106277466,"orthographic":false}